title,channel,views,likes,comments,publish_date,trending_date
MY OBVIOUS SECRET,Benjy Chavez ,664223,56479,9764,2025-03-10T00:09:37Z,2025-03-10 22:21:47.115163
JENNIE & Dua Lipa - Handlebars (Official Video),JennieRubyJaneVEVO,3470067,599610,33361,2025-03-10T15:00:07Z,2025-03-10 22:21:47.115262
My Mom was HeartBroken After This Loss,The Royalty Family,5008080,81754,13318,2025-03-09T17:04:58Z,2025-03-10 22:21:47.115275
Baylee Littrell Auditions With Original Song & Duets with Backstreet Boy Dad Brian! | American Idol,American Idol,476854,9847,1659,2025-03-10T01:05:28Z,2025-03-10 22:21:47.115284
Tornado hits FOX 35 live during broadcast,FOX 35 Orlando,196375,1953,416,2025-03-10T14:13:38Z,2025-03-10 22:21:47.115296
Unforgettable Verdansk Teaser | Call of Duty: Warzone,Call of Duty,8416260,24147,3724,2025-03-10T13:00:06Z,2025-03-10 22:21:47.115305
YOU: Season 5 | Official Trailer | Netflix,Netflix,730931,35036,2069,2025-03-10T13:00:03Z,2025-03-10 22:21:47.115313
Overwatch 2 x LE SSERAFIM | Collaboration Trailer,PlayOverwatch,288253,26604,2252,2025-03-10T16:00:06Z,2025-03-10 22:21:47.115321
SIDEMEN CHARITY MATCH 2025 [OFFICIAL STREAM],Sidemen,17267017,576640,8745,2025-03-08T18:07:06Z,2025-03-10 22:21:47.115328
"YEJI ""Air"" M/V",JYP Entertainment,2450558,279529,21058,2025-03-10T08:58:22Z,2025-03-10 22:21:47.115336
XG - IS THIS LOVE (Official Music Video),XG,1155587,158664,6637,2025-03-10T09:00:00Z,2025-03-10 22:21:47.115345
Ìò∏ÏãúXÏö∞ÏßÄ (SEVENTEEN) ‚ÄòÎèôÍ∞ëÎÇ¥Í∏∞' Official MV,HYBE LABELS,4974090,236541,11817,2025-03-10T08:55:07Z,2025-03-10 22:21:47.115354
"SEULGI Ïä¨Í∏∞ 'Baby, Not Baby' MV",SMTOWN,1027681,146301,7084,2025-03-10T09:00:28Z,2025-03-10 22:21:47.115363
I BOUGHT A WRECKED LAMBORGHINI REVUELTO,Mat Armstrong,2959389,169516,6146,2025-03-09T18:00:37Z,2025-03-10 22:21:47.115398
The Last of Us Season 2 | Official Trailer | Max,Max,21598109,116152,8851,2025-03-08T22:07:24Z,2025-03-10 22:21:47.115404
DEATH STRANDING 2: ON THE BEACH | Pre-Order Trailer,KOJIMA PRODUCTIONS,1635701,112245,9474,2025-03-09T21:12:51Z,2025-03-10 22:21:47.115408
Finding A Player Who Doesn't Exist,Wifies,563134,37554,3097,2025-03-09T20:04:12Z,2025-03-10 22:21:47.115411
Forging a Knife & Survival Camping Alone in the Wilderness,Outdoor Boys,6306362,245851,0,2025-03-08T12:01:19Z,2025-03-10 22:21:47.115415
AMP MMA BASKETBALL,AMP,1935578,77154,3519,2025-03-08T21:18:56Z,2025-03-10 22:21:47.115418
CHARLES AND ALYSSA‚ÄôS OFFICIAL GENDER REVEAL,Charles & Alyssa Forever,1723709,63382,9107,2025-03-08T19:16:40Z,2025-03-10 22:21:47.115422
Hiking To The CIA‚Äôs ‚ÄúTop Secret‚Äù Plane Crash in Death Valley,Ghost Town Living,541753,27169,1563,2025-03-09T20:00:02Z,2025-03-10 22:21:47.115426
REAL or CAKE with Nick DiGiovanni,Dude Perfect,2837362,75949,3196,2025-03-08T15:00:02Z,2025-03-10 22:21:47.115435
PLAYING DRESS TO IMPRESS IN REAL LIFE...ü§£ü§®,ADAM RAY OKAY,122026,6990,334,2025-03-09T22:00:31Z,2025-03-10 22:21:47.115438
in pursuit of beauty,emma chamberlain,594935,35647,1581,2025-03-09T15:32:23Z,2025-03-10 22:21:47.115442
"NRL Match Highlights | Wests Tigers v Knights | Round 1, 2025",NRL - National Rugby League,231551,2024,247,2025-03-07T09:07:23Z,2025-03-10 22:21:47.115449
Harvey Specter Is Back | Suits LA | NBC,Suits Official,388439,4727,281,2025-03-10T02:05:39Z,2025-03-10 22:21:47.115453
Lady Gaga - Abracadabra (Saturday Night Live/2025),LadyGagaVEVO,1828635,140465,6980,2025-03-09T08:48:52Z,2025-03-10 22:21:47.115457
The Weird Truth About The Town Addicted To Fast Food,Will Tennyson,904672,31664,1821,2025-03-09T14:00:30Z,2025-03-10 22:21:47.115460
"NRL Match Highlights 2025 | Roosters v Broncos | Round 1, 2025",NRL - National Rugby League,240674,3316,932,2025-03-06T11:13:05Z,2025-03-10 22:21:47.115464
50 Ways I Pranked My Friends in Minecraft,Yeah Jaron,473098,21650,1216,2025-03-09T12:30:34Z,2025-03-10 22:21:47.115468
ROMELO TRIED OUT FOR MY AAU TEAM!,Cam Wilder,226136,13004,729,2025-03-09T19:30:59Z,2025-03-10 22:21:47.115473
Yuval Raphael - New Day Will Rise | Israel üáÆüá± | Official Music Video | #Eurovision2025,Eurovision Song Contest,663718,39466,5214,2025-03-09T21:15:06Z,2025-03-10 22:21:47.115477
"I SCORED IN FRONT OF 90,000 AT WEMBLEY STADIUM - SIDEMEN CHARITY MATCH 2025",TBJZL,264276,20339,560,2025-03-10T16:08:23Z,2025-03-10 22:21:47.115480
Removing Tiger Bass Out of the 5 Acre Pond (Big Problem),BamaBass,286334,16099,815,2025-03-10T00:01:05Z,2025-03-10 22:21:47.115484
Match Made in Oven üíç,CookieRun: Kingdom,339174,33910,3166,2025-03-10T10:00:02Z,2025-03-10 22:21:47.115487
"Davante Adams-Rams reaction, Sam Darnold-Steelers & Aaron Rodgers-Seahawks rumor | Colin Cowherd NFL",The Colin Cowherd Podcast,285989,4690,579,2025-03-10T00:48:25Z,2025-03-10 22:21:47.115491
Overlanding Australia (our new tiny home on wheels),Eamon & Bec,238242,15091,771,2025-03-09T15:00:12Z,2025-03-10 22:21:47.115494
This Game LIED To Me..,Foltyn,1148378,23168,6699,2025-03-09T06:54:01Z,2025-03-10 22:21:47.115498
INSTANT REACTION! India win ICC Champions Trophy! üèÜüáÆüá≥,Sky Sports Cricket,1671076,22281,1418,2025-03-09T17:33:38Z,2025-03-10 22:21:47.115501
I Played Fortnite Using ONLY TEMU Gaming Products,Royalty Gaming,1920996,26594,2547,2025-03-08T16:45:33Z,2025-03-10 22:21:47.115505
GOLDEN BUZZER winner Olly Pearson rocks with QUEEN guitar solo! | Auditions | BGT 2025,Britain's Got Talent,2046350,28793,1673,2025-03-08T19:12:33Z,2025-03-10 22:21:47.115508
(4K) Ï†úÎãà(JENNIE) 'like JENNIE' | NPOP LIMITED EDITION - SIDE A,NPOP,2005990,202161,4958,2025-03-09T12:00:48Z,2025-03-10 22:21:47.115512
Authorities reveal cause of death for actor Gene Hackman and wife,ABC 33/40,2376854,27383,8098,2025-03-07T22:57:22Z,2025-03-10 22:21:47.115515
SIDEMEN CHARITY MATCH 2025 (Goals & Highlights),Sidemen,7434030,234377,9769,2025-03-08T21:09:19Z,2025-03-10 22:21:47.115521
Naomi Tells Bianca Belair She Attacked Jade Cargill | WWE SmackDown Highlights 3/7/25 | WWE on USA,WWE on USA,1107185,29238,6094,2025-03-08T02:20:27Z,2025-03-10 22:21:47.115524
1000 Players vs Titan Warden,Karl,1954805,36162,970,2025-03-08T16:00:29Z,2025-03-10 22:21:47.115528
"Minecraft, But I Can Mine Anything",Firelight,434989,6421,732,2025-03-09T02:00:17Z,2025-03-10 22:21:47.115531
Maher Zain & Harris J - Qalbi Fil Madinah | Official Lyric Video | ŸÇŸÑÿ®Ÿä ŸÅŸä ÿßŸÑŸÖÿØŸäŸÜÿ©,Awakening Music,2194582,133995,7431,2025-03-09T00:42:20Z,2025-03-10 22:21:47.115535
"We Lived in the NEW $900,000 Earthroamer LTx",Kara and Nate,597168,41659,2343,2025-03-08T16:00:20Z,2025-03-10 22:21:47.115538
I tested the FIRST EVER limited Edition iPhone!,Mrwhosetheboss,4056458,131550,4134,2025-03-08T14:00:06Z,2025-03-10 22:21:47.115542
iShowSpeed 2025 Sidemen Charity Match Highlights!,Live Speedy,1470384,47560,3450,2025-03-08T17:28:05Z,2025-03-10 22:21:48.386418
Dolly Parton - If You Hadn‚Äôt Been There (Official Audio),Dolly Parton,1889230,49477,3420,2025-03-07T13:55:33Z,2025-03-10 22:21:48.386497
Stranded on an island with Eamon and Bec,Max & Occy,111292,13111,576,2025-03-09T14:55:59Z,2025-03-10 22:21:48.386537
Lady Gaga Explores #ASMR | W Magazine,W Magazine,976602,90089,3964,2025-03-08T13:00:32Z,2025-03-10 22:21:48.386566
I Found Minecraft‚Äôs Rarest Secret Seed‚Ä¶,PrestonPlayz,890305,22732,1369,2025-03-08T15:15:04Z,2025-03-10 22:21:48.386589
JENNIE - like JENNIE (Official Video),JennieRubyJaneVEVO,19627875,1647366,97905,2025-03-07T05:00:06Z,2025-03-10 22:21:48.386611
FULL FACE UNDER $50 FROM CVS BUDGET MAKEUP CHALLENGE!,James Charles,931834,32452,1259,2025-03-07T20:00:35Z,2025-03-10 22:21:48.386633
ABSOLUTE CINEMA | MARVEL STUDIOS‚Äô THUNDERBOLTS* | MAY 2,Marvel Entertainment,2134992,104721,5594,2025-03-08T00:00:29Z,2025-03-10 22:21:48.386656
"Cody Rhodes Addresses John Cena, The Rock | WWE SmackDown Highlights 3/7/25 | WWE on USA",WWE on USA,884034,22054,2785,2025-03-08T03:25:56Z,2025-03-10 22:21:48.386679
"Train Eater vs, Security",Maizen,1512552,10142,863,2025-03-08T11:00:17Z,2025-03-10 22:21:48.386702
game shows are so bad now,2 Danny 2 Furious,1340745,91906,4588,2025-03-07T18:00:12Z,2025-03-10 22:21:48.386726
"Rogan, DC & Anik react to Magomed Ankalaev‚Äôs UFC 313 win vs. Alex Pereira | ESPN MMA",ESPN MMA,415525,4752,1757,2025-03-09T06:18:49Z,2025-03-10 22:21:48.386750
Squishy Makeovers  Fixing Your Squishies #38,Moriah Elizabeth,1000720,54113,7270,2025-03-07T21:00:31Z,2025-03-10 22:21:48.386771
STABLE DATES EPISODE 7: ft. GEORGE CLARKEY | IS HE STILL SINGLE & STALKER STORIES??,Faithlouisak,231811,15204,395,2025-03-09T21:19:41Z,2025-03-10 22:21:48.386795
"NRL Match Highlights 2025 | Panthers v Sharks | Round 1, 2025",NRL - National Rugby League,291586,2902,357,2025-03-02T06:35:23Z,2025-03-10 22:21:48.386822
Explaining everything.,GnB Official ,740796,27966,4905,2025-03-06T23:28:05Z,2025-03-10 22:21:48.386866
j-hope ‚ÄòSweet Dreams (feat. Miguel)‚Äô Official MV,HYBE LABELS,7339457,1167121,113183,2025-03-07T04:59:06Z,2025-03-10 22:21:48.386899
"Best Haircut Wins $1,000!",Stay Wild,4761527,60210,8953,2025-03-08T22:53:18Z,2025-03-10 22:21:48.386929
Dolly Parton's Emotional Interview with Dan Rather,AXS TV,455937,6704,649,2025-03-07T18:16:08Z,2025-03-10 22:21:48.386957
Possible Martin Family car pulled from Columbia River in cold case from 1958,KOIN 6,588151,9168,0,2025-03-08T00:28:15Z,2025-03-10 22:21:48.386978
I've Waited 10 Years For This Moment!,Alfie Deyes Vlogs,287767,11840,307,2025-03-09T08:54:00Z,2025-03-10 22:21:48.386997
How I Trapped 100 People In 100 Circles,MrBeast 2,4910678,175793,3738,2025-03-08T17:00:01Z,2025-03-10 22:21:48.387017
YoungBoy Never Broke Again -  Trapped Out [Official Video],YoungBoy Never Broke Again,675037,43239,2460,2025-03-07T06:53:23Z,2025-03-10 22:21:48.387081
"Tank vs Roach FIGHT HIGHLIGHTS: March 1, 2025 | PBC on Prime Video PPV",Premier Boxing Champions,4245866,35296,9805,2025-03-02T06:35:42Z,2025-03-10 22:21:48.387114
Public School In The 90's,brewstewfilms,634207,41730,3676,2025-03-07T23:00:43Z,2025-03-10 22:21:48.387144
How Big Will It Get Before It EXPLODES? 5000fps Slow Mo,How Ridiculous,535125,21836,1415,2025-03-07T22:00:17Z,2025-03-10 22:21:48.387174
GELO - Can You Please (Lyric Video) ft. GloRilla,GELOVEVO,811966,57198,5174,2025-03-07T05:00:05Z,2025-03-10 22:21:48.387219
FULL SPEECH: Justin Trudeau gives final speech as Liberal Party leader,CBC News,991621,20354,0,2025-03-09T22:18:29Z,2025-03-10 22:21:48.387255
Bill Murray Doesn‚Äôt Flinch While Eating Spicy Wings | Hot Ones,First We Feast,3553676,142940,10391,2025-03-06T16:00:32Z,2025-03-10 22:21:48.387285
Bleaching My Hair At Home *this was a bad idea*,Mia Maples,660742,41215,2600,2025-03-07T19:00:45Z,2025-03-10 22:21:48.387309
MISSED CHANCES! MAN UNITED 1-1 ARSENAL GOLDBRIDGE MATCH REACTION,The United Stand,312694,7351,545,2025-03-09T19:07:08Z,2025-03-10 22:21:48.387329
Lady Gaga - Killah (Saturday Night Live/2025),LadyGagaVEVO,739390,55130,3433,2025-03-09T08:53:12Z,2025-03-10 22:21:48.387348
Hanumankind - Run It Up ( Prod. By Kalmi ) | (Official Music Video),HanumankindVEVO,7519078,716870,34185,2025-03-07T05:52:06Z,2025-03-10 22:21:48.387367
Be√©le - sobelove (Video Oficial),BeeleVEVO,2022165,72774,2300,2025-03-07T00:00:06Z,2025-03-10 22:21:48.387386
"Kevin Hart Talks Lil Kev, Advice To Druski & Kai Cenat, Mike Epps, Shaq + More",Breakfast Club Power 105.1 FM,937665,18871,1743,2025-03-07T13:48:44Z,2025-03-10 22:21:48.387404
3-6-2025  Pip 3 Is Here!,FOBBV CAM,411402,5451,685,2025-03-06T19:21:36Z,2025-03-10 22:21:48.387436
I CHEATED In Nick Eh 30's Season 2 Hide & Seek!,CouRage Gaming,1036682,17130,898,2025-03-06T22:00:52Z,2025-03-10 22:21:48.387476
Fredo Bang x TEC - Soulja (Official Music Video),Fredo Bang,513004,21705,1900,2025-03-07T00:03:07Z,2025-03-10 22:21:48.387490
2025 Cadillac Escalade V Review // Total Domination,Throttle House,840527,30192,1978,2025-03-07T13:00:21Z,2025-03-10 22:21:48.387503
Oscar Maydon x Neton Vega - Amigos? No. [Official Video],Rancho Humilde,1467346,46465,1062,2025-03-07T00:00:07Z,2025-03-10 22:21:48.387515
JENNIE | CHICKEN SHOP DATE,Amelia Dimoldenberg,1719062,116510,2825,2025-03-07T17:00:01Z,2025-03-10 22:21:48.387527
REAL BETIS 2 - 1 REAL MADRID I RESUMEN LALIGA EA SPORTS,LALIGA EA SPORTS,9905161,147646,8385,2025-03-01T19:49:50Z,2025-03-10 22:21:48.387539
"Whatever You Hit, You Get! ft. Celine",Futcrunch,2107663,27454,717,2025-03-07T15:30:04Z,2025-03-10 22:21:48.387551
Can you escape Finx!? | Brawl Stars Animation,Brawl Stars,8356781,191986,7142,2025-03-06T09:05:33Z,2025-03-10 22:21:48.387566
The Inside Guys React to the Knicks-Lakers OT Battle ‚öîÔ∏è | NBA on TNT,NBA on TNT,676425,8228,1231,2025-03-07T06:33:50Z,2025-03-10 22:21:48.387578
SIDEMEN CHARITY MATCH 2025 HIGHLIGHTS *JYNXZI REACTS*,Jynxzi,855847,23214,972,2025-03-09T00:02:06Z,2025-03-10 22:21:48.387591
Real Sociedad vs. Man. United: Extended Highlights | UEL Round of 16 Leg 1 | CBS Sports Golazo,CBS Sports Golazo - Europe,388762,3710,990,2025-03-06T20:10:14Z,2025-03-10 22:21:48.387603
Stephen A. addresses courtside confrontation with LeBron James at Lakers-Knicks | First Take,ESPN,2145418,34895,20114,2025-03-07T15:30:53Z,2025-03-10 22:21:48.387615
FULL SEGMENT: John Cena SELLS OUT and ruthlessly assaults Cody Rhodes: Elimination Chamber 2025,WWE,6703982,192944,31349,2025-03-02T05:03:43Z,2025-03-10 22:21:48.387627
The Luka Doncic Trade Scandal Just Took a Dark Turn,Hoop Reports,804325,13379,3225,2025-03-06T17:00:49Z,2025-03-10 22:21:48.387639
"Breanna Nix Auditions with ‚ÄúJesus, Take the Wheel‚Äù as Carrie Underwood Holds Baby! | American Idol",American Idol,568344,7291,870,2025-03-06T14:00:56Z,2025-03-10 22:21:49.658944
"CrossFit Open Workout 25.2 Live Announcement, presented by @USBorderPatrol",CrossFit Games,678382,5414,371,2025-03-06T20:33:34Z,2025-03-10 22:21:49.659026
Lady Gaga - Garden Of Eden (Official Audio),LadyGagaVEVO,1327679,69105,3952,2025-03-07T05:01:00Z,2025-03-10 22:21:49.659053
"1 Fan From Every Premier League Club Competes For ¬£10,000",ChrisMD,2127419,82407,2526,2025-03-06T19:20:59Z,2025-03-10 22:21:49.659075
"Minecraft But If I Die, I Get Upgraded",Cash,660981,7270,1106,2025-03-07T16:00:03Z,2025-03-10 22:21:49.659091
"Meghan, Duchess of Sussex on Her Love Story with Prince Harry | The Drew Barrymore Show",The Drew Barrymore Show,339750,4912,4651,2025-03-06T20:00:06Z,2025-03-10 22:21:49.659108
Sasy - Marmoolak (Official Audio),Radio Javan,849581,5919,3287,2025-03-06T16:30:06Z,2025-03-10 22:21:49.659124
How Do We Get This Massive Thing Onto a Trailer?!,Millennial Farmer,275054,22025,373,2025-03-06T20:00:29Z,2025-03-10 22:21:49.659139
GIVING MY GIRLFRIEND MY CREDIT CARD FOR 24 HOURS!!! *No Budget*,Santea,327198,15181,1613,2025-03-06T04:41:00Z,2025-03-10 22:21:49.659155
Primitive Technology: Water powered forge blower,Primitive Technology,1159793,65979,4984,2025-03-06T21:32:12Z,2025-03-10 22:21:49.659176
Spotify Presents: Little Monster Press Conference,Spotify,353687,23276,771,2025-03-06T23:48:25Z,2025-03-10 22:21:49.659192
TEC - Fake Smiles (Official Music Video),TEC,255755,13718,1635,2025-03-06T02:55:50Z,2025-03-10 22:21:49.659208
Can I Break a Random COURSE RECORD in One Try?,Bryson DeChambeau,1597115,38848,2690,2025-03-05T18:41:43Z,2025-03-10 22:21:49.659269
"President Trump Addresses Joint Session of Congress, March 4, 2025",The White House,3346135,70941,0,2025-03-05T04:06:43Z,2025-03-10 22:21:49.659288
Kendrick Lamar's Apple Music Super Bowl Halftime Show,NFL,101545773,3148343,180905,2025-02-10T03:22:55Z,2025-03-10 22:21:49.659301
Doechii - Anxiety (Visualizer),IamdoechiiVEVO,7339802,402888,11309,2025-03-05T00:00:27Z,2025-03-10 22:21:49.659313
Ghost - Satanized (Official Music Video),Ghost,3081808,152331,12467,2025-03-05T05:00:07Z,2025-03-10 22:21:49.659325
10 Things You SHOULD Be Buying at Costco in March 2025,The Deal Guy,1400907,51820,945,2025-03-05T15:31:16Z,2025-03-10 22:21:49.659338
Something Strange Happens When You Trust Quantum Mechanics,Veritasium,5938305,223180,15319,2025-03-05T02:22:56Z,2025-03-10 22:21:49.659350
Tropical Cyclone Alfred Timeline: Where and when it will make landfall | 9 News Australia Analysis,9 News Australia,404130,2407,590,2025-03-07T08:53:48Z,2025-03-10 22:21:49.659369
Kevin Gates - Big Bruddah (Don't Be Mad) (Official Music Video),kevingatesTV,807589,37063,1674,2025-03-05T05:00:07Z,2025-03-10 22:21:49.659413
COUPLES PICTURE DAY! w/ Los Boyz,Jayco,193904,10104,312,2025-03-06T00:59:31Z,2025-03-10 22:21:49.659475
I Lived In A Bowling Alley Until I Scored A Perfect Game,Max Fosh,1576125,66538,2594,2025-03-06T20:00:07Z,2025-03-10 22:21:49.659495
"CBS Legend Passes Away At Age 39, Y&R Hints At Next Big Death, Devon Walters Opens Up",The Young and Restless,59189,216,42,2025-03-02T14:00:04Z,2025-03-10 22:21:49.659504
Kevin Hart shocks Regina Hall with surprise TODAY appearance,TODAY with Jenna & Friends,1038663,23479,1141,2025-03-05T17:15:51Z,2025-03-10 22:21:49.659513
#BlackChicagoBeLikePart119üöëPart 28,Korporate Bidness,1162173,51966,10591,2025-03-04T22:00:06Z,2025-03-10 22:21:49.659522
Kai Cenat Meets Jimmy Fallon!,Kai Cenat Live,2651217,117269,4972,2025-03-06T05:35:08Z,2025-03-10 22:21:49.659531
ASH TREVINO VS 20 MEN,Itzmegab3,371838,7461,1812,2025-03-05T01:05:16Z,2025-03-10 22:21:49.659540
I Tried Every Restaurant's Secret Menu,a bit more willne,407107,16843,299,2025-03-07T17:02:05Z,2025-03-10 22:21:49.659548
TC Alfred Perfection at Kirra! Biggest Swell in Years Slams Gold Coast,Surfline,135121,1205,101,2025-03-07T21:36:46Z,2025-03-10 22:21:49.659561
Dungeon Master Brennan Lee Mulligan Answers DnD Questions | Tech Support | WIRED,WIRED,2300462,129421,5665,2025-03-04T17:00:10Z,2025-03-10 22:21:49.659570
B.C. to introduce legislation to tariff U.S. vehicles on route to Alaska,Vancouver Sun,210642,7062,3792,2025-03-06T22:32:18Z,2025-03-10 22:21:49.659578
"Tropical Cyclone Alfred: Latest forecast, safety alerts and advice | 9 News Australia",9 News Australia,569818,2812,566,2025-03-06T09:14:00Z,2025-03-10 22:21:49.659586
Phil & Grant Vs John Daly & John Daly Jr. (Part 2),Phil Mickelson and the HyFlyers,984266,37801,2651,2025-03-04T17:00:01Z,2025-03-10 22:21:49.659605
Tropical Cyclone Alfred: Emergency preparations; Wild weather forecast | 9 News Australia,9 News Australia,467628,2689,529,2025-03-05T09:00:15Z,2025-03-10 22:21:49.659615
Minecraft Live 2025: Announcement Trailer,Minecraft,1244484,64232,4719,2025-03-05T16:00:05Z,2025-03-10 22:21:49.659623
PSG vs. Liverpool: Extended Highlights | UCL Round Of 16 Leg 1 | CBS Sports Golazo,CBS Sports Golazo,1138358,12843,1637,2025-03-05T22:39:28Z,2025-03-10 22:21:49.659632
HIGHLIGHTS - Benfica vs Barcelona | UEFA Champions League 24/25 | TUDN,TUDN USA,805126,8232,900,2025-03-05T22:20:18Z,2025-03-10 22:21:49.659640
Ghost - Chapter 19: What Video?,Ghost,479376,32964,1478,2025-03-05T05:06:57Z,2025-03-10 22:21:49.659648
Kansas City Chiefs vs. Philadelphia Eagles | Super Bowl LIX Game Highlights,NFL,9091967,120506,20547,2025-02-10T03:49:22Z,2025-03-10 22:21:49.659659
I'M HIGH SCHOOL MUSICAL,Danny Gonzalez,4038633,257026,15124,2025-03-03T18:00:26Z,2025-03-10 22:21:49.659678
Film Theory: ÔªøDuolingo LORE Exists... And It's Actually Creepy!,The Film Theorists,1079880,52125,3853,2025-03-04T23:05:00Z,2025-03-10 22:21:49.659698
Lil Durk & India Royale Take a Couples Quiz,GQ,1085947,43633,2070,2025-03-04T17:00:06Z,2025-03-10 22:21:49.659716
FULL SPEECH: Michigan Sen. Elissa Slotkin delivers Democratic response to Trump's address,6abc Philadelphia,406271,22048,5167,2025-03-05T04:25:11Z,2025-03-10 22:21:49.659734
Tweaker (Remix),GELO - Topic,562397,10227,451,2025-03-02T10:01:20Z,2025-03-10 22:21:49.659751
George Got me a Ridiculous Surprise,Cleetus2 McFarland,1146862,72665,5337,2025-03-04T19:05:18Z,2025-03-10 22:21:49.659767
Ariana Grande and Cynthia Erivo 'Wicked' Performance at 97th Oscars (2025),Oscars,3953290,103327,8123,2025-03-03T00:22:49Z,2025-03-10 22:21:49.659799
i might do a video for Monster Hunter Wilds,videogamedunkey,1490123,76853,2943,2025-03-04T20:30:08Z,2025-03-10 22:21:49.659811
IT‚ÄôS HERE!!! We‚Äôve Been Waiting For This!,Ryland vlogs,410254,19925,1787,2025-03-04T16:14:11Z,2025-03-10 22:21:49.659820
Ray Vaughn - CEMETERY lanterns (Official Video),RayVaughnVEVO,109307,11450,882,2025-03-06T17:00:10Z,2025-03-10 22:21:49.659831
Tipping: Last Week Tonight with John Oliver (HBO),LastWeekTonight,4020710,120101,14033,2025-03-03T07:30:05Z,2025-03-10 22:21:50.918560
YAILIN LA MAS VIRAL x DJ ADONI - Yo No Olvido (Video Oficial),Yailin La Mas Viral,3922337,139643,17884,2025-03-03T16:00:06Z,2025-03-10 22:21:50.918615
Conan O'Brien's Oscars 2025 Opening Monologue,ABC,2364770,36900,5655,2025-03-03T01:15:08Z,2025-03-10 22:21:50.918645
What Ontario's electricity surcharge could mean for New York,CBS New York,567562,5914,4768,2025-03-07T23:37:39Z,2025-03-10 22:21:50.918666
"Tyla, Sean Paul - PUSH 2 START (REMIX - Official Music Video)",TylaVEVO,3975405,175786,6125,2025-03-03T19:00:03Z,2025-03-10 22:21:50.918682
Don Toliver - No Pole [Official Music Video],Don Toliver,2368341,118465,2474,2025-03-03T18:00:12Z,2025-03-10 22:21:50.918697
I really thought this would fly well,Stuff Made Here,2222179,106509,6294,2025-03-04T01:05:20Z,2025-03-10 22:21:50.918713
"IShowSpeed joins Kate Scott, Thierry Henry, Jamie Carragher, and Micah Richards on UCL Today! |",CBS Sports Golazo,3234575,118710,6140,2025-03-06T00:43:01Z,2025-03-10 22:21:50.918729
Blind Dating 6 Guys With Her Brother,David Alvareeezy,949735,24896,865,2025-03-03T21:57:01Z,2025-03-10 22:21:50.918743
LUCKI - Bad InFluence Freestyle,LUCKI,1072982,59925,2887,2025-03-03T22:04:06Z,2025-03-10 22:21:50.918757
The World's Craziest Prison Escape,fern,2290286,85196,3353,2025-03-03T17:06:28Z,2025-03-10 22:21:50.918772
House Again,Hudson Westbrook - Topic,322986,5057,35,2025-02-21T01:23:31Z,2025-03-10 22:21:50.918787
3-3-2025  A pip!...And Another!...And‚Ä¶! üê•,FOBBV CAM,320414,5695,519,2025-03-04T09:02:39Z,2025-03-10 22:21:50.918804
Tony Hawk's‚Ñ¢ Pro Skater‚Ñ¢ 3 + 4 | Reveal Trailer,Tony Hawk's Pro Skater,6668942,15731,3178,2025-03-04T18:00:40Z,2025-03-10 22:21:50.918820
SIDEMEN GAME OF LIES 2,MoreSidemen,2356435,93843,1745,2025-03-05T17:00:09Z,2025-03-10 22:21:50.918836
I Started a Family,special edd,1348808,124345,17412,2025-03-03T22:26:15Z,2025-03-10 22:21:50.918853
I Surprised Steph Curry With Custom Shoes,Jesser,2010751,46507,2446,2025-03-04T22:02:00Z,2025-03-10 22:21:50.918870
Oscars 2025: Host Conan O'Brien gives Adam Sandler a hard time over his choice of outfit,ABC News,5686165,69303,7298,2025-03-03T00:33:24Z,2025-03-10 22:21:50.918889
"Live on CBS ft. Thierry Henry, Jamie Carragher, Micah Richards & others.. ‚öΩÔ∏è",IShowSpeed,1765144,71598,2255,2025-03-05T23:17:10Z,2025-03-10 22:21:50.918914
I TRIED HAVING A GIRLFRIEND FOR A DAY,LARRAY,2033201,124621,4206,2025-03-02T20:33:46Z,2025-03-10 22:21:50.918931
There's Something LIVING in our Attic,The Royalty Family,7362372,85059,17421,2025-03-02T16:09:34Z,2025-03-10 22:21:50.918940
HIGHLIGHTS - Real Madrid vs Atl√©tico de Madrid | UEFA Champions League 24/25 | TUDN,TUDN USA,488465,5712,493,2025-03-04T22:02:10Z,2025-03-10 22:21:50.918947
Oscars 2025: Morgan Freeman gives heartfelt eulogy for friend Gene Hackman,ABC News,4566069,25298,2361,2025-03-03T02:51:33Z,2025-03-10 22:21:50.918954
Oscars 2025: The Surprising Moments Everyone‚Äôs Talking About! |‚≠ê OSSA,OSSA,409297,2414,382,2025-03-03T18:14:48Z,2025-03-10 22:21:50.918964
Why are Chinese warships circling Australia? | The Brief,60 Minutes Australia,388546,5396,3244,2025-03-07T01:20:04Z,2025-03-10 22:21:50.918971
Aitch - Straight Rhymez 2,Aitch,507373,30508,1599,2025-03-06T19:00:07Z,2025-03-10 22:21:50.918978
"James Bond Musical Tribute at 97th Oscars (2025) | Doja Cat, LISA, RAYE",Oscars,596493,11783,1865,2025-03-03T01:40:39Z,2025-03-10 22:21:50.918985
I Spent 100 Hours Inside The Pyramids!,MrBeast,157510546,4695439,93978,2025-02-08T17:00:00Z,2025-03-10 22:21:50.918991
The Paradise Glimpse : RAW STATEMENT - Telugu | Nani | Srikanth Odela | Anirudh | SLV Cinemas,SLV Cinemas,20081206,319141,6066,2025-03-03T05:47:08Z,2025-03-10 22:21:50.918998
TRAINING JOSH FOR THE SIDEMEN CHARITY MATCH,MiniminterClips,443476,13607,307,2025-03-04T15:00:40Z,2025-03-10 22:21:50.919005
Is This Chef Depressed? FutureCanoe Fried Rice,mrnigelng,5382299,247139,6626,2025-03-02T14:00:00Z,2025-03-10 22:21:50.919012
Tank Davis vs Roach FIGHT HIGHLIGHTS | Premier Boxing Champions | Prime Video,Sports On Prime,877499,6646,3444,2025-03-02T05:45:58Z,2025-03-10 22:21:50.919019
I Survived the Apocalypse by Harassing Wildlife Over and Over and Over - The Long Dark,Let's Game It Out,2060475,97189,3349,2025-03-02T15:50:07Z,2025-03-10 22:21:50.919035
Remember Monday - What The Hell Just Happened? | United Kingdom üá¨üáß  | Official Music Video,Eurovision Song Contest,780027,12697,3109,2025-03-07T08:30:07Z,2025-03-10 22:21:50.919043
La Carpintera - Dany Ome & Kevincito el 13 (video Official),Dany Ome & Kevincito El 13 ,1655360,26532,1970,2025-03-01T20:00:07Z,2025-03-10 22:21:50.919049
I Bought an Abandoned House on a Remote Island - Surviving Winter,Skote Outdoors,1484584,44367,4164,2025-03-02T12:30:13Z,2025-03-10 22:21:50.919056
I Made Every Biome Into Mobs,Kipper,488226,1586,65,2025-02-24T15:01:17Z,2025-03-10 22:21:50.919063
"I Spent $10,000 Buying Expensive Games",LazarBeam,3400486,116407,3461,2025-03-02T08:19:33Z,2025-03-10 22:21:50.919070
I BUILT MY DREAM SUPERCAR WORKSHOP,Mat Armstrong MK2,3332047,165395,8915,2025-03-02T18:08:15Z,2025-03-10 22:21:50.919077
"UNCENSORED! CM Punk sounds off on The Rock and John Cena: Raw highlights, March 3, 2025",WWE,2112587,80374,7696,2025-03-04T01:59:34Z,2025-03-10 22:21:50.919083
QUI & KEN'S OFFICIAL GENDER REVEAL!!!,Qui & Ken Vlogs,308135,26252,5113,2025-03-02T23:10:12Z,2025-03-10 22:21:50.919090
Do I agree with the world?,Ice Cream Sandwich,4331687,197859,8828,2025-03-01T23:06:14Z,2025-03-10 22:21:50.919097
Trying Stunts From Sonic The Hedgehog 3 In Real Life!,Nick Pro,2897079,18981,1381,2025-03-01T14:28:08Z,2025-03-10 22:21:50.919104
End Of An Era,Ashville,639417,31848,3681,2025-03-05T18:00:05Z,2025-03-10 22:21:50.919111
"Fridayy, Meek Mill - Proud Of Me",FridayyVEVO,5013112,144327,9633,2025-02-28T17:00:03Z,2025-03-10 22:21:50.919117
"Full Meeting between President Trump, VP Vance and Ukrainian President Zelensky in Oval Office",C-SPAN,5533087,54484,38158,2025-02-28T22:04:47Z,2025-03-10 22:21:50.919124
Season 2 TRAILER | Doctor Who,Doctor Who,607103,26250,4445,2025-03-02T18:45:01Z,2025-03-10 22:21:50.919131
Animation vs. Coding,Alan Becker,6770709,471573,21509,2025-03-01T13:00:06Z,2025-03-10 22:21:50.919137
DAWN BREAKS // Waylay Agent Trailer - VALORANT,VALORANT,1318225,59576,2270,2025-03-02T10:15:00Z,2025-03-10 22:21:50.919144
Waylay Official Gameplay Reveal // VALORANT,VALORANT,727304,27592,2103,2025-03-02T11:15:05Z,2025-03-10 22:21:50.919151
